comment_id,Python,SQL,JavaScript,TypeScript,React,AWS,GCP,Azure,Docker,Kubernetes,Terraform,PostgreSQL,PyTorch,Rust,Java,Go
49523712,0,0,0,0,0,0,0,0,0,1,0,0,0,0,0,0
49523950,0,0,0,0,0,0,0,0,0,0,0,0,0,0,0,0
49524580,0,0,0,0,0,0,0,0,0,0,0,0,0,0,0,0
49527388,0,0,0,0,0,0,0,0,0,0,0,0,0,0,0,0
49525651,0,0,0,0,1,0,0,0,0,0,0,0,0,0,0,0
49523835,1,0,1,1,0,0,0,0,0,0,0,0,0,1,0,0
49525748,1,0,1,1,1,0,1,0,0,0,0,0,0,1,0,0
49533854,1,0,0,0,0,0,0,0,1,1,0,0,0,0,0,0
49526742,0,0,0,0,0,0,0,0,0,0,0,0,0,0,0,0
49524979,0,0,0,0,0,0,0,0,0,0,0,0,0,0,0,0
49525241,0,0,0,0,0,0,0,0,0,0,0,0,0,0,0,0
49524835,0,0,0,0,0,0,0,0,0,0,0,0,0,0,0,0
49525423,0,0,0,0,0,0,0,0,0,0,0,0,0,0,0,0
49531126,0,0,0,0,0,0,0,0,0,0,0,0,0,0,0,0
49523166,0,0,0,0,0,0,0,0,0,0,0,0,0,0,0,0
49523018,1,0,0,0,0,0,0,0,0,0,0,0,0,1,0,0
49527452,0,0,0,0,0,0,0,0,0,0,0,0,0,0,0,0
49522989,1,0,1,1,1,1,0,0,0,0,0,1,0,0,0,0
49531439,0,0,0,0,1,0,0,0,0,0,0,0,0,0,0,0
49524350,0,0,0,0,0,0,0,0,0,0,0,0,0,0,0,0
49547973,0,0,0,0,0,0,0,0,0,0,0,0,0,0,0,0
49528935,0,0,0,0,0,0,0,0,0,0,0,0,0,0,0,0
49524943,1,0,0,1,1,0,0,1,1,1,1,0,0,0,0,0
49523770,0,0,0,0,0,0,0,0,0,0,0,0,0,0,0,0
49528132,0,0,0,0,0,0,0,0,0,0,0,0,0,0,0,0
49523176,0,0,0,0,0,0,0,0,0,0,0,0,0,1,0,0
49524167,0,0,0,0,1,0,0,0,0,0,0,0,0,0,0,0
49532898,0,0,0,0,0,0,0,0,0,0,0,0,0,0,0,1
49525468,0,0,0,0,0,0,0,0,0,0,0,0,0,0,0,0
49615973,1,0,0,1,0,1,0,0,1,1,0,1,0,1,0,0
49538639,0,0,0,0,0,0,0,0,0,0,0,0,0,0,0,0
49523228,0,0,0,0,0,0,0,0,0,0,0,0,0,0,0,0
49530867,0,0,0,0,0,1,1,1,0,0,1,0,0,0,0,0
49526894,0,0,0,1,1,0,0,0,0,0,0,0,0,0,0,0
49543040,0,1,0,0,1,0,0,1,0,0,0,0,0,0,0,0
49553487,0,0,0,0,1,1,0,0,0,0,0,0,0,0,0,0
49524327,1,0,0,0,0,0,0,0,0,0,0,0,1,0,0,0
49525549,1,0,1,0,0,0,0,0,0,1,0,0,0,0,1,0
49527118,0,0,0,0,0,0,0,0,0,0,0,0,0,0,0,0
49522929,1,0,0,1,1,0,0,0,0,1,1,1,0,0,0,0
49532154,0,0,0,1,0,0,0,0,0,0,0,1,0,0,0,0
49532957,1,0,0,0,0,0,0,0,1,0,0,0,0,0,0,0
49522912,0,0,0,0,0,0,0,0,0,0,0,0,0,0,0,0
49711313,0,0,0,0,0,0,0,0,0,0,0,0,0,1,0,1
49533274,1,0,0,0,0,0,0,0,0,0,0,0,0,0,0,0
49686668,0,0,1,1,1,1,0,0,1,0,1,1,0,0,0,0
49530430,0,0,0,0,0,0,0,0,0,0,0,0,0,1,0,0
49523740,1,0,0,0,0,0,0,0,0,0,0,0,0,0,0,0
49523808,0,0,0,0,1,0,0,0,0,0,0,0,0,0,0,0
49522949,0,0,0,0,0,0,0,0,0,0,0,0,0,0,0,0
49524920,1,1,0,0,0,0,0,0,0,0,0,0,0,0,0,0
49524781,0,0,0,0,0,0,0,0,0,0,0,0,0,0,0,0
49524502,0,0,0,0,0,0,0,0,0,0,0,0,0,0,0,0
49650855,1,0,0,0,0,0,0,0,0,0,0,0,0,0,0,0
49530424,0,0,1,0,1,0,0,0,0,0,0,0,0,0,0,0
49523978,0,0,0,1,1,0,0,0,0,0,0,0,0,0,1,0
49523123,0,0,0,0,0,0,0,0,0,0,0,0,0,1,0,0
49528044,1,0,0,1,1,0,0,1,0,0,0,1,0,0,0,0
49524822,0,0,0,0,0,0,0,0,0,0,0,0,0,0,0,0
49532978,1,1,0,0,0,0,0,0,0,0,0,1,0,0,0,0
49529015,0,0,0,0,0,0,0,0,0,0,0,0,0,0,0,0
49595476,1,0,0,0,0,0,1,0,0,0,0,0,1,1,0,0
49626445,0,0,0,0,0,0,0,0,0,0,0,0,0,0,0,0
49571280,0,0,0,0,0,0,0,0,0,0,0,0,0,0,0,0
49525141,0,0,0,0,0,0,0,0,0,0,0,0,0,0,0,0
49573833,0,0,0,0,0,1,1,0,0,1,0,0,0,0,0,0
49524691,1,0,0,0,0,0,0,0,0,0,0,0,0,0,0,0
49528405,0,0,0,0,0,0,0,0,0,0,0,0,0,0,0,0
49523875,0,0,0,0,0,0,0,0,0,0,0,0,0,0,0,0
49567458,0,0,0,0,0,0,0,0,0,0,0,0,0,0,0,0
49576039,0,0,0,0,0,0,0,0,0,0,0,0,0,0,0,0
49553119,0,0,0,1,1,0,0,0,0,0,0,1,0,0,0,0
49529454,0,0,0,0,0,0,0,0,0,0,0,0,0,0,0,0
49559434,0,0,0,0,0,0,0,0,0,0,0,0,0,0,0,0
49530909,1,0,0,0,0,0,0,0,0,0,0,0,0,0,0,0
49524880,0,0,0,1,0,0,0,0,0,0,0,1,0,0,0,0
49523604,0,0,0,0,0,0,0,0,0,0,0,0,0,0,0,0
49627985,0,0,0,0,0,0,0,0,0,0,0,0,0,0,0,0
49649994,1,0,0,1,1,1,0,0,0,0,0,0,0,0,0,0
49523408,1,0,0,1,0,0,0,0,0,0,0,0,0,0,0,0
49667711,1,0,0,0,0,0,0,0,0,0,0,0,0,0,0,0
49559854,1,0,0,0,0,0,0,0,0,0,0,0,1,0,0,0
49550471,0,0,1,0,0,0,0,0,0,1,0,0,0,0,0,0
49543632,0,0,0,1,0,0,0,0,0,0,0,0,0,0,0,0
49524080,0,0,0,0,0,0,0,0,0,0,0,0,0,0,0,0
49526361,0,0,0,0,0,0,0,0,0,0,0,0,0,0,0,0
49552564,0,0,0,1,1,1,0,0,1,0,0,0,0,0,0,0
49578811,0,0,0,0,0,0,0,0,0,0,0,0,0,0,0,0
49524060,0,0,0,0,0,0,0,0,0,0,0,0,0,0,0,0
49528336,0,0,0,0,0,0,0,0,0,0,0,0,0,0,0,0
49525399,1,0,0,1,0,0,0,0,0,1,1,0,0,0,0,0
49539168,1,0,0,0,0,1,0,0,0,1,1,1,0,1,0,0
49534270,0,0,0,0,0,0,0,0,0,0,0,0,0,0,0,0
49530256,1,0,0,0,0,0,0,0,0,1,0,0,0,0,0,0
49527181,0,0,0,0,0,0,0,0,0,0,0,0,0,0,0,0
49555479,0,0,0,0,0,0,0,0,0,0,0,0,0,0,0,0
49529763,0,0,0,0,0,0,0,0,0,0,0,0,0,1,0,0
49537373,0,0,0,0,0,0,0,0,0,0,0,0,0,0,0,0
49528637,0,0,0,0,1,0,0,0,0,0,0,0,0,0,0,0
49527588,1,0,0,0,0,0,1,0,1,0,0,0,0,0,0,0
49527115,0,0,0,0,0,1,0,0,0,1,1,0,0,0,0,0
49530464,0,0,0,1,0,0,0,0,0,0,0,1,0,0,0,0
49527133,1,1,0,0,0,1,1,1,1,0,0,0,0,0,0,0
49525348,0,0,0,0,0,0,0,0,0,0,0,0,0,0,0,0
49552294,0,0,0,0,0,0,0,0,0,0,0,0,0,1,0,0
49540773,0,0,0,0,0,0,0,0,0,0,0,0,0,0,0,0
49523288,1,0,0,0,0,0,0,0,0,0,0,0,0,1,0,0
49527113,1,0,0,1,0,0,1,0,0,0,0,0,0,0,0,0
49553901,0,0,0,0,0,0,0,0,0,0,0,0,0,0,0,0
49527283,1,0,0,0,0,1,1,1,0,0,0,0,1,0,0,0
49524406,1,1,0,1,0,1,0,0,0,0,0,1,0,0,0,0
49531417,1,0,0,1,0,1,0,0,1,1,0,0,0,0,0,0
49537891,0,0,0,0,0,0,0,0,0,0,0,0,0,0,0,0
49524520,0,0,0,0,0,0,0,0,0,0,0,0,0,0,0,0
49531109,0,0,0,0,0,0,0,0,0,0,0,0,0,0,0,0
49546958,0,0,0,0,0,0,0,0,0,0,0,0,0,1,0,0
49534647,0,0,0,0,0,0,0,0,0,0,0,0,0,0,0,0
49524341,1,0,0,1,1,0,0,0,0,0,0,0,0,0,0,0
49530381,1,0,0,0,1,0,0,0,0,0,0,1,0,0,0,0
49531416,0,0,0,0,0,0,0,0,0,0,0,0,0,0,0,0
49550509,1,0,1,0,1,0,0,0,0,0,0,0,0,0,1,1
49543579,0,0,0,1,1,0,1,0,0,1,0,1,0,0,0,0
49611044,0,0,0,0,0,0,0,0,0,0,0,0,0,0,0,0
49525116,0,0,0,0,0,0,0,0,0,0,0,0,0,0,0,0
49533419,0,0,0,0,0,0,0,0,0,0,0,0,0,0,0,0
49562582,0,0,0,0,0,1,0,0,0,0,1,1,0,0,1,0
49540382,0,0,0,0,0,0,0,0,0,0,0,0,0,0,0,0
49564474,0,0,0,0,0,0,0,0,0,0,0,0,0,0,0,0
49525600,1,0,0,0,0,1,0,0,0,0,0,1,0,0,0,0
49609343,0,0,0,0,0,0,0,0,0,0,0,0,0,0,0,0
49526311,1,0,0,0,0,0,0,0,0,0,0,0,0,0,0,0
49554223,1,0,0,1,0,0,0,0,0,0,0,0,0,0,0,0
49564322,0,0,0,0,0,0,0,0,0,0,0,0,0,0,0,0
49526478,0,0,0,0,0,0,0,0,0,0,0,0,0,0,0,0
49523956,0,0,0,0,0,0,0,0,0,0,0,0,0,0,0,0
49524031,1,0,0,1,1,0,1,0,0,0,0,0,0,0,0,0
49528399,0,0,0,1,0,0,0,0,0,0,0,1,0,0,0,0
49523289,0,0,0,1,1,0,0,0,0,0,0,1,0,0,0,0
49524731,0,0,0,0,0,0,0,0,0,0,0,0,0,0,0,0
49526396,0,0,0,0,0,0,0,0,0,0,0,0,0,0,0,0
49523768,0,1,1,0,0,1,0,0,1,1,1,0,0,0,0,0
49528234,0,0,0,0,0,0,0,0,0,0,0,0,0,0,0,0
49523716,0,0,0,1,1,0,0,0,1,1,0,1,0,0,0,0
49538758,0,0,0,0,0,0,0,0,0,0,0,0,0,0,0,0
49523704,1,0,0,0,0,0,0,0,1,0,0,1,0,0,0,0
49542221,0,0,0,0,0,0,0,0,0,0,0,0,0,0,0,0
49532941,0,0,0,0,0,0,0,0,0,0,0,0,0,0,0,0
49528837,0,0,0,0,0,0,0,0,0,0,0,0,0,0,0,0
49526831,0,0,0,0,0,0,0,0,0,0,0,0,0,0,0,0
49525729,1,0,0,1,1,1,0,0,0,0,0,1,0,0,0,0
49661611,1,0,0,1,1,0,0,0,0,0,0,0,0,0,0,0
49524737,0,0,0,0,0,0,0,0,0,0,0,0,0,0,0,0
49525714,0,0,0,1,1,0,0,0,0,0,0,0,0,0,0,0
49550510,0,0,0,0,0,0,0,0,0,0,0,0,0,0,0,0
49528413,0,0,0,0,0,0,0,0,0,0,0,0,0,0,0,0
49541233,0,0,0,0,0,0,0,0,1,1,0,0,0,0,0,0
49525367,0,0,0,0,0,0,0,0,0,0,0,0,0,0,0,0
49534032,0,0,0,1,1,1,0,0,1,0,0,1,0,0,0,0
49570095,0,0,0,0,0,0,0,0,0,0,0,0,0,0,0,0
49528364,1,1,0,1,1,0,0,0,0,0,0,0,0,0,0,0
49552714,0,0,0,1,1,1,0,0,0,0,0,0,0,0,0,0
49541107,1,0,0,0,0,1,0,0,1,0,1,1,0,0,0,0
49527209,1,0,0,0,0,0,1,0,0,1,0,0,0,1,1,0
49533651,0,0,0,0,0,0,0,0,0,0,0,0,0,1,0,0
49612508,0,0,0,0,0,0,0,0,0,0,0,0,0,0,0,0
49525463,0,0,0,0,0,0,0,0,0,0,0,0,0,0,0,0
49525412,0,0,0,0,0,0,0,0,0,0,0,0,0,0,0,0
49530558,0,0,0,0,0,0,0,0,0,0,0,0,0,0,0,0
49539823,0,0,0,0,0,0,0,0,0,0,0,0,0,0,1,0
49525183,0,0,0,0,0,0,0,0,0,0,0,0,0,0,0,0
49525270,1,0,0,1,1,0,0,0,0,0,0,1,0,0,0,0
49534359,1,1,0,0,0,0,0,0,0,0,0,0,0,0,0,0
49541874,1,0,0,0,0,0,0,0,0,1,1,1,1,1,0,0
49608356,1,1,0,0,0,0,0,0,0,1,1,0,0,0,0,0
49524978,0,0,0,0,0,0,0,0,0,0,0,0,0,1,0,0
49527374,0,0,0,1,0,0,0,0,0,0,0,1,0,0,0,0
49538902,0,0,0,0,0,1,0,1,1,1,1,0,0,0,0,0
49525078,0,0,0,0,0,0,0,0,0,0,0,0,0,0,0,0
49530894,0,0,0,0,0,0,0,0,0,0,0,0,0,0,0,0
49523175,0,0,0,0,0,0,0,0,0,0,0,0,0,0,0,0
49531002,1,1,0,0,0,0,0,0,0,0,0,0,0,0,0,0
49525497,0,0,0,0,0,0,0,0,0,0,0,0,0,0,0,0
49544301,0,0,0,0,1,1,0,0,0,0,0,1,0,0,0,0
49598799,0,0,0,0,0,0,0,0,0,0,0,0,0,0,0,0
49528608,0,0,0,0,0,1,0,0,0,0,0,0,0,0,0,0
49525831,0,0,0,1,1,0,0,0,0,0,0,1,0,0,0,0
49532070,0,0,0,0,0,0,0,0,0,0,0,0,0,0,0,0
49530057,1,0,0,0,0,1,0,0,0,0,0,1,0,0,0,0
49527344,0,0,0,0,0,0,0,0,1,0,0,1,0,0,0,0
49529054,0,0,0,0,0,0,0,0,0,0,0,0,0,0,0,0
49601673,0,0,0,0,0,0,0,0,0,0,0,0,0,0,0,0
49523797,0,0,0,0,0,0,0,0,0,0,0,0,0,0,0,0
49538459,0,0,0,0,0,1,0,0,0,0,0,0,0,0,0,0
49525135,0,0,0,0,0,0,0,0,0,0,0,0,0,0,0,0
49523896,0,0,0,0,0,0,0,0,0,0,0,0,0,0,0,0
49529957,0,0,0,0,0,1,0,0,1,1,1,1,0,0,0,0
49523985,1,0,0,1,1,0,0,0,0,0,0,0,0,0,0,0
49535156,0,0,0,0,0,0,0,0,0,0,0,0,0,0,0,0
49534764,1,0,0,1,0,1,0,0,0,0,1,0,0,1,0,0
49523510,0,0,0,0,0,0,0,0,0,0,0,0,0,0,0,0
49524252,0,0,0,0,0,0,0,0,0,0,0,0,0,0,0,0
49531646,1,0,0,0,1,0,0,0,0,0,0,0,0,1,0,0
49522903,0,0,0,0,0,0,0,0,0,0,0,0,0,0,0,0
49525750,0,0,0,0,0,0,0,0,0,0,0,0,0,0,0,0
49615435,1,0,0,0,1,0,0,0,0,0,0,1,0,0,0,0
49546936,0,0,0,0,0,0,0,0,0,0,0,0,0,0,0,0
49530020,0,0,0,0,0,0,0,0,0,0,0,0,0,0,0,0
49532259,0,0,0,0,0,0,0,0,0,0,0,0,0,0,0,0
49523666,0,0,0,0,0,0,0,0,0,0,0,0,0,0,0,0
49526601,0,0,0,0,0,0,0,0,0,0,0,0,0,0,0,0
49528002,0,0,0,0,0,0,0,0,0,0,0,0,0,0,0,0
49541388,0,0,0,0,0,0,0,0,0,0,0,0,0,0,0,0
49525147,0,0,0,1,1,0,0,0,0,0,0,0,0,0,0,0
49532122,0,0,0,0,0,0,0,0,0,0,0,0,0,0,0,0
49524501,0,0,0,0,0,0,0,0,0,0,0,0,0,0,0,0
49526154,0,0,0,0,0,0,0,0,0,0,0,0,0,0,0,0
49625444,0,0,0,1,1,1,0,0,0,0,0,0,0,0,0,0
49528822,0,0,0,0,0,0,0,0,0,0,0,0,0,0,0,0
49526803,0,0,0,0,0,0,0,0,0,0,0,0,0,0,0,0
49555567,1,0,0,0,0,0,0,0,0,1,0,0,0,0,0,0
49546647,1,0,1,1,1,0,0,0,0,0,0,0,0,0,0,0
49549234,0,0,0,0,0,0,0,0,1,0,0,0,0,0,0,0
49525418,0,0,0,0,0,0,0,0,0,0,0,0,0,0,0,0
49613617,0,0,0,0,0,0,0,0,0,0,0,0,0,0,0,0
49530873,0,0,0,0,0,0,0,0,0,0,0,0,0,0,0,0
49527193,1,0,0,0,0,1,0,0,0,0,0,0,0,0,0,0
49525544,0,0,0,0,1,1,0,0,0,1,0,0,0,0,0,0
49527646,1,0,0,1,1,0,1,0,0,1,0,1,0,0,0,0
49525548,1,0,0,1,1,0,0,0,0,0,0,1,0,0,0,0
49713455,0,0,1,0,0,0,0,0,0,0,0,0,0,0,0,0
49523703,1,0,1,0,1,1,0,0,1,0,0,1,0,0,0,0
49533498,0,0,0,0,0,0,0,0,0,0,0,0,0,0,0,0
49635387,0,0,0,0,0,0,0,0,0,0,0,0,0,0,0,0
49598051,0,0,0,1,1,0,0,0,0,0,0,1,0,0,0,0
49542805,1,0,0,0,0,0,0,0,0,0,0,0,0,0,0,0
49537584,1,0,0,1,1,0,1,0,0,1,1,1,0,0,0,0
49530116,0,0,0,1,1,0,0,0,0,0,0,1,0,0,0,0
49528686,0,0,0,0,0,0,0,0,0,0,0,0,0,0,0,0
49525483,0,0,0,0,0,1,0,0,0,0,0,1,0,0,1,0
49523558,0,0,0,0,0,0,0,0,0,0,0,0,0,0,1,0
49523041,0,0,0,0,0,0,0,0,0,0,0,0,0,0,0,0
49613305,0,0,0,0,0,0,0,0,0,0,0,0,0,0,0,0
49547792,1,1,0,0,1,0,0,0,0,0,0,0,0,0,0,0
49523194,0,0,0,0,0,0,0,0,0,0,0,0,0,0,0,0
49526149,0,0,0,0,0,0,0,0,0,0,0,0,0,0,0,0
49523422,0,0,0,0,0,0,0,0,0,0,0,0,0,1,0,0
49527354,0,0,0,0,0,0,0,0,0,0,0,0,0,0,0,0
49525603,1,0,0,1,0,0,0,0,0,0,0,0,0,0,0,0
49529518,0,0,0,0,0,0,0,0,0,0,0,0,0,0,0,0
49523675,0,0,0,0,1,0,0,0,0,0,0,0,0,0,0,0
49524180,1,0,0,1,1,1,0,0,0,0,0,0,0,0,0,0
49523830,0,0,0,1,0,0,0,0,0,0,0,1,0,0,0,0
49522930,0,0,0,0,0,0,0,0,0,0,0,0,0,0,0,0
