date,wage,cpi,rent,real_wage,rent_purchasing_power
2019-01-01,98.54157985594381,98.79070913619427,98.24455438891603,99.74782114388205,100.30233275409032
2019-02-01,98.89874397285553,99.0872052600029,98.51816562690874,99.80980260099892,100.38630271232215
2019-03-01,99.18447526638491,99.46193255104338,98.91650251754048,99.72104173170365,100.27090803053505
2019-04-01,99.25590808976726,99.83587753041154,99.30215544349709,99.4190771344023,99.95342764361631
2019-05-01,99.57735579498781,99.86052034808957,99.5440567698019,99.71643993831125,100.03345154524185
2019-06-01,99.89880350020836,99.82805441368836,99.9372596747318,100.07087094598359,99.96151968280037
2019-07-01,100.11310197035539,100.0584452011861,100.24409082020706,100.05462484356956,99.86933010337077
2019-08-01,100.50598249895828,100.14997566684734,100.49958210866382,100.35547370804683,100.00636857403799
2019-09-01,100.57741532234063,100.30409106629406,100.84355915068777,100.27249562120643,99.73608247210964
2019-10-01,100.86314661587,100.58767904750944,101.03623461408661,100.27385816132654,99.82868720427109
2019-11-01,101.22031073278173,100.87087587288869,101.31588583525794,100.3464179892057,99.90566622234185
2019-12-01,101.3631763795464,101.16463390584421,101.59795304970076,100.1962568004615,99.76891594455697
2020-01-01,101.54175843800228,101.35903835641533,101.95219806312838,100.18027014122256,99.59741954276261
2020-02-01,101.93463896660516,101.4071505242629,102.22339330784962,100.5201688831756,99.7175261631407
2020-03-01,102.61325078873743,100.94793357261206,102.52931845584811,101.64967935171006,100.08186178758757
2020-04-01,107.29210072028097,100.1484110435027,102.74766384775617,107.13310336364216,104.42291016879801
2020-05-01,106.14917554616348,100.0584452011861,102.98382719004127,106.08717268465529,103.0736363587275
2020-06-01,104.93481754866362,100.54347843802346,103.1399607552093,104.36760213477898,101.74021473375794
2020-07-01,104.97053396035479,101.05589258339197,103.377936092448,103.87373885568566,101.54055877695467
2020-08-01,105.32769807726652,101.4329668094494,103.4800118081671,103.83970950503077,101.78554895463743
2020-09-01,105.39913090064886,101.69934393387379,103.58148352556837,103.63796542205888,101.75479951938688
2020-10-01,105.50628013572238,101.82529611311705,103.73731509157747,103.614999575858,101.70523503773285
2020-11-01,105.8634442526341,102.05686036812327,103.80647289897297,103.72986575403193,101.98154440298055
2020-12-01,106.82778736829574,102.50043108632777,103.92546056759231,104.22179325111657,102.79270044592757
2021-01-01,106.89922019167808,102.75155313314194,104.03538826144367,104.03659792194259,102.75274786598338
2021-02-01,107.32781713197215,103.10046413899592,104.21960774839242,104.10022692747249,102.98236526766019
2021-03-01,107.2563843085898,103.64104150456788,104.3884252782356,103.48833121660842,102.7473917943584
2021-04-01,107.93499613072207,104.28762210173896,104.59952269032931,103.49741796339441,103.18880369107185
2021-05-01,108.61360795285434,104.97957677590453,104.86679194598445,103.46165538913081,103.572928986709
2021-06-01,109.07792130483958,105.867891679822,105.1168472495804,103.0321087669581,103.768258047023
2021-07-01,109.50651824513365,106.3564453191848,105.35331259102443,102.96180726658851,103.94216902341905
2021-08-01,109.93511518542772,106.65880878053581,105.69457164061798,103.07176354428759,104.01207316420033
2021-09-01,110.64944341925116,107.14149508235624,106.09411652788546,103.27412673698313,104.29366588878506
2021-10-01,111.2209060063099,108.17414648981641,106.53654529572134,102.81653205997823,104.39695195445454
2021-11-01,111.54235371153045,109.10079466567745,106.97263208121964,102.23789299916172,104.27186051366972
2021-12-01,112.11381629858921,109.85416080612003,107.38727692643377,102.0569594049853,104.40139605680976
2022-01-01,112.86386094410382,110.51834341591827,107.93782139316741,102.12228798920607,104.56377522480571
2022-02-01,113.00672659086851,111.28383538728175,108.54997368832326,101.54819538488306,104.10571532273403
2022-03-01,113.57818917792727,112.52536401125093,109.01837438382732,100.93563364662484,104.18261125234352
2022-04-01,114.14965176498602,112.8723192379241,109.64441864029409,101.13166145223738,104.10894889184651
2022-05-01,114.64968152866243,113.94291276149174,110.34324469406351,100.62028321906261,103.90276436635418
2022-06-01,114.97112923388298,115.37415196599812,111.20092230543138,99.6506819549721,103.39044573577917
2022-07-01,115.50687540925057,115.35694110920713,112.0163200345487,100.12997423354135,103.11611323566538
2022-08-01,115.86403952616229,115.4289137830604,112.8259797796463,100.37696425344492,102.69269520410941
2022-09-01,116.32835287814751,115.91864088993167,113.74133923037023,100.35344788816569,102.27447088743835
2022-10-01,116.79266623013277,116.56717726628357,114.54556299060707,100.19344121487484,101.96175493913279
2022-11-01,117.22126317042682,116.87188766265155,115.43253452039136,100.29893887637354,101.54958795409581
2022-12-01,117.64986011072088,116.88988083111488,116.34426998120811,100.650166870051,101.12217828151196
2023-01-01,117.93559140425027,117.51103629893562,117.17084167920592,100.3612895594203,100.65267921104306
2023-02-01,118.3999047562355,117.91392681017956,118.05267922328837,100.41214635048011,100.2941276176294
2023-03-01,118.82850169652959,118.05904562539462,118.62134363955795,100.65175528656778,100.1746380968345
2023-04-01,119.39996428358832,118.45958920162161,119.29691575808961,100.79383618354962,100.08637987398406
2023-05-01,119.64997916542652,118.65086440550343,119.90121607511323,100.84206277377677,99.79046341821144
2023-06-01,120.3285909875588,118.91685037409165,120.48226245689905,101.18716616612873,99.8724530348231
2023-07-01,120.90005357461754,119.14958809660635,121.0234449497058,101.46913263064906,99.89804341205165
2023-08-01,121.04291922138223,119.7257606432688,121.57882140298238,101.10014634364111,99.55921419913764
2023-09-01,121.4715161616763,120.19280071164285,122.17013575617192,101.06388689044799,99.42815845282358
2023-10-01,121.7215310435145,120.3570861628297,122.772322079083,101.13366393636254,99.14411406596054
2023-11-01,122.04297874873505,120.53388860077364,123.36997841461013,101.25200486392649,98.9243739174409
2023-12-01,122.47157568902912,120.76584401161601,123.86676703105381,101.41242889607847,98.87363545891618
2024-01-01,123.11447109947022,121.14018014682033,124.30285381655212,101.6297573193775,99.04396183949588
2024-02-01,123.2930531579261,121.63655690290629,124.85460627992151,101.36184079621891,98.7493027542016
2024-03-01,123.75736650991131,122.17556964513365,125.35381088963666,101.29469162236941,98.72644926516762
2024-04-01,124.15024703851421,122.44077330204956,125.77962970373127,101.39616378626386,98.70457349170529
2024-05-01,124.61456039049945,122.50022898914574,126.26584834961234,101.72598159105567,98.69221330969819
2024-06-01,125.0431573307935,122.44898757460888,126.60499340509337,102.1185718294355,98.76637087345954
2024-07-01,125.29317221263172,122.65434438859246,127.18332179444879,102.1514344536211,98.51383848514989
2024-08-01,125.79320197630813,122.84718421581893,127.61155660181485,102.39811582112749,98.57508624302693
2024-09-01,126.22179891660221,123.10925862604557,128.0047595067448,102.5282747417164,98.60711383153793
2024-10-01,126.65039585689625,123.46090772275264,128.4206123485946,102.58339922569338,98.62154800594382
2024-11-01,127.15042562057266,123.81177450778742,128.7549254175327,102.69655380197725,98.75383423837428
2024-12-01,127.47187332579321,124.23265818749466,129.15900029218417,102.60737811261339,98.69375965858025
2025-01-01,128.0076195011608,124.76345665716266,129.58391310880197,102.60025085142742,98.78357307645305
2025-02-01,128.36478361807252,125.04430654752493,129.95567407344768,102.65544042925745,98.7758207044688
2025-03-01,128.97196261682245,125.08576906615782,130.35642695735092,103.10682308601326,98.93793933076931
2025-04-01,129.0076790285136,125.2879966334521,130.77862178153833,102.96890563742029,98.64584690609216
2025-05-01,129.57914161557235,125.4123841893507,131.07911094467602,103.32244495083562,98.85567630243025
2025-06-01,129.86487290910173,125.73117619582042,131.3796001078137,103.28772611404133,98.84706058058562
2025-07-01,130.25775343770462,126.01828457956124,131.68673325244788,103.36416963005618,98.9148642543939
2025-08-01,130.7934996130722,126.45716142773182,132.06242020615971,103.42909657023935,99.0391508870528
2025-09-01,131.07923090660162,126.83032409542767,132.34720541303292,103.35007171311575,99.04193329774198
2025-10-01,131.6149770819692,,,,
2025-11-01,132.15072325733675,127.15028956940586,132.5782347696162,103.93269547781988,99.67754019879483
2025-12-01,132.22215608071912,127.52892841880795,132.93670777126886,103.68012788949225,99.46248729750462
2026-01-01,132.68646943270434,127.7468022195486,133.2676988494587,103.86676388553846,99.5638632453533
2026-02-01,133.11506637299843,128.08789010867937,133.44285836163945,103.92478653528731,99.75435778829565
2026-03-01,133.40079766652778,129.1960345925183,133.69653765514263,103.25456047259595,99.77879757112507
2026-04-01,133.6150961366748,130.02293803015874,134.42526162564639,102.76271107308993,99.3973115773226
2026-05-01,133.9008274302042,130.63783500460096,134.9117822706864,102.4977392081615,99.25065489205842
2026-06-01,134.25799154711592,130.08591411978037,135.11351770885315,103.20717078060734,99.3668093494681
2026-07-01,134.43657360557177,130.18174729963937,135.4593067458307,103.26837394196212,99.24498865022397
2026-08-01,134.86517054586582,130.69729069169713,135.694564090639,103.18895658212253,99.38877909345051
