date,wage,cpi,rent
2019-01-01,27.59,252.561,325.314
2019-02-01,27.69,253.319,326.22
2019-03-01,27.77,254.277,327.539
2019-04-01,27.79,255.233,328.816
2019-05-01,27.88,255.296,329.617
2019-06-01,27.97,255.213,330.919
2019-07-01,28.03,255.802,331.935
2019-08-01,28.14,256.036,332.781
2019-09-01,28.16,256.43,333.92
2019-10-01,28.24,257.155,334.558
2019-11-01,28.34,257.879,335.484
2019-12-01,28.38,258.63,336.418
2020-01-01,28.43,259.127,337.591
2020-02-01,28.54,259.25,338.489
2020-03-01,28.73,258.076,339.502
2020-04-01,30.04,256.032,340.225
2020-05-01,29.72,255.802,341.007
2020-06-01,29.38,257.042,341.524
2020-07-01,29.39,258.352,342.312
2020-08-01,29.49,259.316,342.65
2020-09-01,29.51,259.997,342.986
2020-10-01,29.54,260.319,343.502
2020-11-01,29.64,260.911,343.731
2020-12-01,29.91,262.045,344.125
2021-01-01,29.93,262.687,344.489
2021-02-01,30.05,263.579,345.099
2021-03-01,30.03,264.961,345.658
2021-04-01,30.22,266.614,346.357
2021-05-01,30.41,268.383,347.242
2021-06-01,30.54,270.654,348.07
2021-07-01,30.66,271.903,348.853
2021-08-01,30.78,272.676,349.983
2021-09-01,30.98,273.91,351.306
2021-10-01,31.14,276.55,352.771
2021-11-01,31.23,278.919,354.215
2021-12-01,31.39,280.845,355.588
2022-01-01,31.6,282.543,357.411
2022-02-01,31.64,284.5,359.438
2022-03-01,31.8,287.674,360.989
2022-04-01,31.96,288.561,363.062
2022-05-01,32.1,291.298,365.376
2022-06-01,32.19,294.957,368.216
2022-07-01,32.34,294.913,370.916
2022-08-01,32.44,295.097,373.597
2022-09-01,32.57,296.349,376.628
2022-10-01,32.7,298.007,379.291
2022-11-01,32.82,298.786,382.228
2022-12-01,32.94,298.832,385.247
2023-01-01,33.02,300.42,387.984
2023-02-01,33.15,301.45,390.904
2023-03-01,33.27,301.821,392.787
2023-04-01,33.43,302.845,395.024
2023-05-01,33.5,303.334,397.025
2023-06-01,33.69,304.014,398.949
2023-07-01,33.85,304.609,400.741
2023-08-01,33.89,306.082,402.58
2023-09-01,34.01,307.276,404.538
2023-10-01,34.08,307.696,406.532
2023-11-01,34.17,308.148,408.511
2023-12-01,34.29,308.741,410.156
2024-01-01,34.47,309.698,411.6
2024-02-01,34.52,310.967,413.427
2024-03-01,34.65,312.345,415.08
2024-04-01,34.76,313.023,416.49
2024-05-01,34.89,313.175,418.1
2024-06-01,35.01,313.044,419.223
2024-07-01,35.08,313.569,421.138
2024-08-01,35.22,314.062,422.556
2024-09-01,35.34,314.732,423.858
2024-10-01,35.46,315.631,425.235
2024-11-01,35.6,316.528,426.342
2024-12-01,35.69,317.604,427.68
2025-01-01,35.84,318.961,429.087
2025-02-01,35.94,319.679,430.318
2025-03-01,36.11,319.785,431.645
2025-04-01,36.12,320.302,433.043
2025-05-01,36.28,320.62,434.038
2025-06-01,36.36,321.435,435.033
2025-07-01,36.47,322.169,436.05
2025-08-01,36.62,323.291,437.294
2025-09-01,36.7,324.245,438.237
2025-10-01,36.85,,
2025-11-01,37.0,325.063,439.002
2025-12-01,37.02,326.031,440.189
2026-01-01,37.15,326.588,441.285
2026-02-01,37.27,327.46,441.865
2026-03-01,37.35,330.293,442.705
2026-04-01,37.41,332.407,445.118
2026-05-01,37.49,333.979,446.729
2026-06-01,37.59,332.568,447.397
2026-07-01,37.64,332.813,448.542
2026-08-01,37.76,334.131,449.321
